,City,Cloudiness,Country,Date,Humidity,Latitude,Longitude,Temperature,Wind speed
0,Esperance,90,AU,1563909008,100,-33.86,121.89,53.6,5.82
1,Perth,20,AU,1563908900,100,-31.95,115.86,52.0,3.36
2,Linkoping,56,SE,1563909068,77,58.41,15.62,69.8,4.7
3,Grindavik,40,IS,1563909068,67,63.84,-22.43,59.0,10.29
4,Anloga,20,GH,1563909068,83,5.79,0.9,78.8,13.87
5,Oranjemund,53,NA,1563909069,81,-28.55,16.43,56.5,15.26
6,Beringovskiy,76,RU,1563909069,58,63.05,179.32,49.66,2.04
7,Araouane,0,ML,1563909069,18,18.9,-3.53,105.1,5.01
8,Amapa,11,BR,1563909069,39,-1.83,-56.23,93.58,6.44
9,Kidal,19,ML,1563909069,17,18.44,1.41,104.02,4.5
10,Nalut,0,LY,1563909070,20,31.86,10.98,87.28,14.81
11,Pechenga,38,RU,1563909070,92,58.89,41.46,58.48,5.19
12,Torbay,90,CA,1563909070,72,47.66,-52.73,68.0,10.29
13,Bethel,90,US,1563909070,77,60.79,-161.76,59.0,9.04
14,Barrow,40,US,1563909070,44,39.51,-90.4,82.0,9.17
15,East London,20,ZA,1563908831,72,-33.02,27.91,62.6,33.33
16,Yerbogachen,100,RU,1563909071,61,61.28,108.01,61.18,6.78
17,Lundazi,0,ZM,1563909071,64,-12.29,33.17,53.62,3.58
18,Baruun-Urt,84,MN,1563909071,93,46.68,113.28,59.02,14.18
19,Ambilobe,15,MG,1563909071,62,-13.19,49.05,68.38,6.38
20,Pisco,0,PE,1563909072,30,-13.71,-76.2,71.6,11.41
21,Jalu,0,LY,1563909072,30,29.03,21.55,88.0,22.19
22,Maningrida,6,AU,1563909072,75,-12.05,134.23,57.4,8.25
23,Oyama,90,JP,1563909072,94,36.31,139.8,77.0,3.36
24,Kologriv,58,RU,1563909072,92,58.83,44.31,57.58,2.1
25,Santa Cruz,20,CR,1563909072,55,10.26,-85.58,89.6,11.41
26,Narsaq,40,GL,1563909073,58,60.91,-46.05,59.0,11.41
27,Mahibadhoo,67,MV,1563909073,76,3.78,72.97,82.96,10.29
28,Rio Grande,90,BR,1563909073,100,-32.03,-52.1,60.8,10.22
29,Alice Springs,0,AU,1563908855,45,-23.7,133.88,42.8,2.24
30,Lewistown,40,US,1563909073,47,40.39,-90.15,84.0,13.87
31,Idah,100,NG,1563909074,95,7.11,6.73,73.96,5.97
32,Hualmay,100,PE,1563909074,87,-11.1,-77.61,61.36,19.93
33,Barcelona,93,PH,1563909074,87,12.87,124.14,78.1,6.22
34,Kathmandu,75,NP,1563909074,94,27.71,85.32,73.4,3.62
35,Vanimo,100,PG,1563909075,77,-2.67,141.3,80.44,5.97
36,Mount Gambier,75,AU,1563909049,87,-37.83,140.78,42.8,8.05
37,Cap Malheureux,75,MU,1563909075,88,-19.98,57.61,69.8,13.87
38,Arlit,45,NE,1563909075,33,18.74,7.39,93.94,14.07
39,Bluff,0,NZ,1563909075,98,-46.6,168.33,35.01,1.99
40,Port Augusta,90,AU,1563909076,87,-32.49,137.76,55.4,2.24
41,Vaini,75,TO,1563909076,100,-21.2,-175.2,62.6,10.02
42,Hay River,75,CA,1563909076,64,60.82,-115.79,73.4,18.34
43,Butaritari,100,KI,1563909076,70,3.07,172.79,84.94,9.57
44,Buala,88,SB,1563909076,84,-8.15,159.59,78.28,16.02
45,Sechura,34,PE,1563909077,89,-5.56,-80.82,63.7,12.73
46,Port Moresby,12,PG,1563909077,78,-9.47,147.16,77.02,30.04
47,Dzhebariki-Khaya,0,RU,1563909077,58,62.22,135.8,48.04,2.77
48,Iqaluit,20,CA,1563909077,81,63.75,-68.52,42.8,5.82
49,Cidreira,100,BR,1563909077,85,-30.17,-50.22,69.64,1.86
50,Velke Mezirici,0,CZ,1563909078,44,49.36,16.01,80.01,5.82
51,Gimbi,38,ET,1563909078,91,8.81,37.79,54.88,1.14
52,Ancud,40,CL,1563909078,57,-41.87,-73.83,50.0,4.7
53,Busselton,100,AU,1563909078,67,-33.64,115.35,57.0,9.84
54,Ponca City,1,US,1563909078,28,36.73,-97.07,84.2,11.41
55,Port Elizabeth,20,ZA,1563909079,87,-33.92,25.57,53.6,25.28
56,Nizhnyaya Tavda,6,RU,1563909079,93,57.67,66.17,60.46,4.05
57,Tadine,37,NC,1563909079,69,-21.55,167.88,68.02,18.39
58,Fomboni,63,KM,1563909079,74,-12.28,43.74,74.68,14.56
59,Kaspiyskiy,99,RU,1563909079,47,45.39,47.37,78.64,6.4
60,Pijino,100,CO,1563909080,75,9.33,-74.45,83.14,4.68
61,Kavaratti,99,IN,1563908993,76,10.57,72.64,82.78,20.56
62,Porto de Moz,28,BR,1563908805,51,-1.75,-52.24,88.72,3.38
63,Sorland,0,NO,1563909080,82,67.67,12.69,60.8,5.82
64,Krasnozerskoye,100,RU,1563909080,67,53.98,79.24,63.16,6.87
65,Souillac,75,MU,1563909080,88,-20.52,57.52,69.8,13.87
66,Wuda,15,CN,1563909081,28,39.5,106.72,75.76,11.86
67,Punta Arenas,75,CL,1563909081,69,-53.16,-70.91,39.2,8.05
68,Hofn,100,IS,1563909081,94,64.25,-15.21,40.84,6.22
69,Olavarria,73,AR,1563909081,38,-36.89,-60.32,53.01,5.75
70,Concordia,100,AR,1563909082,97,-31.4,-58.02,51.01,5.01
71,Bubaque,92,GW,1563909082,83,11.28,-15.83,79.54,12.41
72,Acajutla,54,SV,1563909082,65,13.59,-89.83,84.22,6.04
73,Vao,1,NC,1563909082,60,-22.67,167.48,66.94,14.85
74,Thompson,40,CA,1563909082,35,55.74,-97.86,87.8,11.41
75,Yeniseysk,50,RU,1563909083,82,58.45,92.17,52.0,1.36
76,Arkhipo-Osipovka,43,RU,1563909083,86,44.37,38.53,67.48,4.25
77,Changtu,87,CN,1563909083,96,42.78,124.11,72.88,10.78
78,Ipixuna,40,BR,1563909083,52,-1.76,-48.8,89.6,10.29
79,Ust-Shonosha,74,RU,1563909083,92,61.15,41.34,50.56,3.8
80,Mahebourg,75,MU,1563908969,88,-20.41,57.7,69.8,13.87
81,Sembakung,99,ID,1563909084,98,3.82,117.25,73.24,1.59
82,Albany,90,AU,1563909084,82,-35.02,117.88,55.4,9.17
83,Terrace Bay,20,CA,1563909084,49,48.78,-87.1,69.8,3.36
84,Zima,100,RU,1563909084,93,53.93,102.05,59.74,4.03
85,Rena,17,NO,1563909084,85,61.13,11.37,62.01,4.79
86,Makat,55,KZ,1563909085,21,47.65,53.35,84.4,15.14
87,Vilyuysk,0,RU,1563909085,45,63.75,121.63,58.12,3.09
88,Muli,38,MV,1563909085,77,2.92,73.57,83.14,7.85
89,Valera,100,VE,1563909034,68,9.31,-70.61,85.84,8.79
90,Kavieng,99,PG,1563909085,76,-2.57,150.8,82.42,12.35
91,Zwedru,67,LR,1563909085,93,6.07,-8.13,74.14,4.94
92,Naifaru,76,MV,1563909046,74,5.44,73.37,82.96,12.66
93,Laupheim,0,DE,1563909086,53,48.23,9.88,84.99,6.93
94,West Wendover,1,US,1563908985,16,40.74,-114.07,91.4,5.82
95,Aykhal,97,RU,1563909086,37,65.95,111.51,68.0,4.47
96,Tigil,0,RU,1563909086,82,57.8,158.67,36.52,4.21
97,Asyut,0,EG,1563909086,33,27.18,31.19,91.4,9.17
98,Coihaique,40,CL,1563909087,65,-45.58,-72.07,48.2,4.7
99,Goundam,41,ML,1563909087,27,16.42,-3.66,100.42,1.66
100,Kasongo,0,CD,1563909087,29,-4.43,26.67,80.44,0.85
101,Lucapa,0,AO,1563909087,22,-8.42,20.74,71.26,2.15
102,Kainantu,47,PG,1563909087,98,-6.29,145.87,55.06,0.83
103,Barcelos,0,BR,1563909088,53,-0.97,-62.93,89.08,5.41
104,Inhambane,0,MZ,1563909088,67,-23.87,35.38,62.26,10.96
105,Ferkessedougou,55,CI,1563909088,82,9.6,-5.2,79.0,7.4
106,Sao Filipe,18,CV,1563909088,83,14.9,-24.5,74.86,20.74
107,Petropavlovka,100,RU,1563909089,99,50.61,105.32,53.44,5.7
108,Fare,98,PF,1563909090,82,-16.7,-151.02,78.82,16.13
109,Am Timan,5,TD,1563909090,84,11.04,20.28,75.4,5.44
110,Leua,4,AO,1563909090,29,-11.65,20.45,62.98,3.22
111,Tuatapere,0,NZ,1563909091,98,-46.13,167.69,35.01,1.99
112,Kaitangata,6,NZ,1563909024,85,-46.28,169.85,41.0,4.0
113,Harper,84,LR,1563909091,80,4.38,-7.71,77.02,11.81
114,Najran,20,SA,1563909091,14,17.54,44.22,93.2,6.93
115,Douentza,71,ML,1563909091,37,15.01,-2.95,93.4,3.87
116,Antofagasta,75,CL,1563909004,67,-23.65,-70.4,57.2,17.22
117,Loa Janan,51,ID,1563909092,91,-0.58,117.09,71.8,3.06
118,Tiksi,100,RU,1563909092,74,71.64,128.87,39.76,10.38
119,Tototlan,75,MX,1563909092,53,20.55,-102.8,75.2,4.7
120,Labuhan,93,ID,1563909092,81,-2.54,115.51,70.0,1.43
121,Barra Patuca,7,HN,1563909092,73,15.8,-84.28,82.42,8.86
122,Chisinau,0,MD,1563909020,56,47.01,28.86,69.8,6.93
123,Ilulissat,75,GL,1563909093,53,69.22,-51.1,51.8,6.93
124,Sampit,84,ID,1563909093,95,-2.54,112.95,70.9,2.13
125,Kyzyl-Suu,45,KG,1563909093,66,42.34,78.0,70.72,11.32
126,Shitanjing,0,CN,1563909094,47,39.23,106.34,69.01,1.01
127,Bredasdorp,34,ZA,1563909094,71,-34.53,20.04,53.6,12.75
128,Kloulklubed,90,PW,1563909094,94,7.04,134.26,75.2,6.93
129,Deputatskiy,96,RU,1563909094,46,69.3,139.9,49.12,7.56
130,Kalmunai,99,LK,1563909095,78,7.42,81.82,77.38,1.39
131,Huarmey,100,PE,1563909095,86,-10.07,-78.15,62.26,17.38
132,Singaraja,20,ID,1563909095,69,-8.11,115.08,78.28,7.81
133,Polewali,0,ID,1563909095,72,-4.03,119.8,77.2,22.17
134,Poum,2,NC,1563909095,69,-20.23,164.02,68.92,18.81
135,Cherskiy,100,RU,1563909096,84,68.75,161.3,40.12,12.21
136,Sur,0,OM,1563909096,82,22.57,59.53,78.82,7.0
137,Sioux Lookout,75,CA,1563909096,57,50.1,-91.92,77.0,8.05
138,Ostersund,45,SE,1563909004,68,63.18,14.64,64.4,4.7
139,Tura,100,IN,1563909097,95,25.52,90.21,77.92,9.48
140,Mitu,74,CO,1563909097,49,1.2,-70.17,91.78,0.34
141,Rantauprapat,84,ID,1563909059,93,2.1,99.83,64.6,3.65
142,Hobyo,82,SO,1563909097,69,5.35,48.53,77.92,26.69
143,Nhulunbuy,61,AU,1563909097,88,-12.18,136.78,69.8,6.93
144,Vaitape,97,PF,1563909097,85,-16.52,-151.75,79.18,14.67
145,Mercedes,100,AR,1563909098,95,-29.18,-58.08,53.62,13.62
146,Kobryn,16,BY,1563909098,75,52.21,24.36,65.5,6.87
147,Sao Joao da Barra,20,BR,1563909098,61,-21.64,-41.05,78.8,20.8
148,Mgachi,100,RU,1563909098,96,51.05,142.27,57.4,19.44
149,Beidao,70,CN,1563909098,60,34.57,105.89,66.04,7.09
150,Khatanga,83,RU,1563909099,64,71.98,102.47,46.24,8.75
151,Isangel,75,VU,1563909099,82,-19.55,169.27,64.4,6.93
152,Leh,9,IN,1563909099,30,34.16,77.58,52.18,2.04
153,Bonthe,100,SL,1563909099,91,7.53,-12.5,74.5,13.11
154,Madison,20,US,1563908896,44,43.07,-89.38,80.01,12.75
155,Markova,40,RU,1563909100,100,52.21,104.21,64.4,2.24
156,Dudinka,0,RU,1563909100,87,69.41,86.18,57.2,17.9
157,Limbazi,7,LV,1563909100,87,57.51,24.72,64.0,1.01
158,Izberbash,40,RU,1563909100,69,42.57,47.86,77.0,4.47
159,Oriximina,1,BR,1563909100,46,-1.77,-55.87,91.42,9.51
160,Vila Velha,0,BR,1563909101,58,-3.71,-38.6,82.4,16.11
161,Abalak,32,NE,1563909101,32,15.46,6.28,94.3,7.56
162,Cullera,0,ES,1563909101,33,39.16,-0.25,88.0,6.93
163,Talnakh,0,RU,1563909101,87,69.49,88.39,57.2,17.9
164,Koungheul,55,SN,1563909101,29,13.98,-14.8,99.34,4.97
165,Indian Harbour Beach,40,US,1563909102,70,28.15,-80.59,91.99,7.83
166,Seoul,90,KR,1563909102,100,37.57,126.98,80.6,1.12
167,Bojnurd,0,IR,1563909102,50,37.47,57.33,78.8,4.7
168,Lebu,1,CL,1563909102,71,-37.62,-73.65,50.92,32.23
169,Adrar,0,DZ,1563909103,10,27.87,-0.29,109.4,11.41
170,Karangampel,63,ID,1563909103,79,-6.46,108.44,71.98,2.3
171,Cedartown,90,US,1563909103,74,34.01,-85.26,82.0,16.11
172,Basmat,94,IN,1563909103,66,19.33,77.16,84.04,12.95
173,Neuquen,0,AR,1563908933,39,-38.95,-68.06,50.0,11.41
174,Rawson,0,AR,1563908826,44,-43.3,-65.11,48.94,14.09
175,Steinbach,40,CA,1563909104,39,49.53,-96.69,82.99,3.36
176,Suoyarvi,100,RU,1563909104,75,62.08,32.35,57.04,9.62
177,Corinth,20,US,1563909104,37,33.15,-97.06,90.0,12.75
178,Kulhudhuffushi,92,MV,1563909104,76,6.62,73.07,82.78,13.53
179,Kuala Terengganu,75,MY,1563909104,88,5.33,103.14,77.0,4.7
180,Tasiilaq,40,GL,1563909105,65,65.61,-37.64,46.4,13.87
181,Road Town,20,VG,1563909076,62,18.42,-64.62,87.8,11.41
182,Grand Gaube,75,MU,1563909105,88,-20.01,57.66,69.8,13.87
183,Saryozek,0,KZ,1563909105,29,44.36,77.98,70.54,2.28
184,Kanigoro,30,ID,1563909105,95,-8.13,112.22,66.76,5.39
185,Huari,44,PE,1563909105,38,-9.35,-77.17,52.0,2.57
186,Kajaani,0,FI,1563909106,60,64.22,27.73,68.0,2.24
187,Porbandar,93,IN,1563909106,85,21.64,69.61,83.86,18.79
188,Zalantun,100,CN,1563909106,98,48.0,122.72,62.62,3.22
189,Andros Town,40,BS,1563909106,66,24.73,-77.79,89.01,12.75
190,Necochea,0,AR,1563909106,42,-38.55,-58.74,55.0,1.99
191,Artyom,0,AZ,1563909066,61,40.47,50.33,78.8,14.99
192,Bondoukou,28,CI,1563909107,91,8.04,-2.8,76.3,2.68
193,Sol-Iletsk,0,RU,1563909107,70,51.16,55.0,64.96,5.99
194,Vega de Alatorre,56,MX,1563909107,54,20.03,-96.65,88.72,2.28
195,Syamzha,31,RU,1563909107,88,60.02,41.06,54.16,4.34
196,Zhigalovo,100,RU,1563909108,54,54.81,105.15,64.42,2.06
197,Lakes Entrance,20,AU,1563909108,77,-37.88,147.99,43.0,12.62
198,Vitim,88,RU,1563909108,62,59.44,112.57,57.76,4.61
199,Severo-Yeniseyskiy,11,RU,1563909108,93,60.37,93.04,52.0,3.27
200,Srednekolymsk,100,RU,1563909108,68,67.46,153.71,42.28,13.73
201,Ushuaia,75,AR,1563909097,74,-54.81,-68.31,35.6,29.97
202,Agirish,97,RU,1563909109,62,61.92,63.02,64.96,7.76
203,Nikolskoye,20,RU,1563909109,49,59.7,30.79,71.6,3.18
204,Dingle,40,IE,1563909109,77,52.14,-10.27,66.2,12.75
205,Tyshkivka,61,UA,1563909109,86,50.76,32.34,60.64,4.99
206,Moussoro,26,TD,1563909110,41,13.64,16.49,92.14,7.85
207,Cariati,0,IT,1563909110,48,39.5,16.95,82.99,4.7
208,Hithadhoo,99,MV,1563909110,76,-0.6,73.08,83.32,7.61
209,Sibolga,100,ID,1563909110,73,1.74,98.78,82.96,3.76
210,Makakilo City,75,US,1563909110,83,21.35,-158.09,84.0,11.41
211,Saskylakh,84,RU,1563909110,79,71.97,114.09,46.06,2.93
212,Zhuhai,20,CN,1563909111,83,40.71,112.04,69.8,4.47
213,Port Lincoln,7,AU,1563909111,76,-34.72,135.86,57.94,16.13
214,Brownsville,75,US,1563909111,83,25.91,-97.49,93.2,9.17
215,Kaka,0,TM,1563909111,11,37.35,59.62,90.88,7.61
216,Tibati,100,CM,1563909111,95,6.47,12.63,67.84,0.69
217,Zyryanka,76,RU,1563909112,67,65.73,150.89,42.64,9.64
218,Astoria,90,US,1563909112,72,46.19,-123.83,70.0,8.05
219,Hluti,0,SZ,1563909112,19,-27.22,31.62,61.0,5.35
220,Tabou,63,CI,1563909112,83,4.42,-7.36,75.76,5.82
221,Fort Saint James,2,CA,1563909113,56,54.43,-124.25,68.74,2.57
222,Caravelas,70,BR,1563909113,72,-17.73,-39.27,76.12,11.99
223,Lorengau,100,PG,1563909113,81,-2.02,147.27,79.9,9.46
224,Altamont,75,US,1563909113,44,37.19,-95.3,82.4,6.93
225,Ust-Kuyga,73,RU,1563909113,55,70.0,135.55,58.66,4.0
226,Klaksvik,90,FO,1563909114,100,62.23,-6.59,55.4,16.11
227,Haines Junction,100,CA,1563909114,91,60.75,-137.51,50.2,4.68
228,Rafaela,100,AR,1563909114,56,-31.25,-61.49,52.0,7.0
229,Bollnas,53,SE,1563909114,64,61.35,16.39,71.26,2.06
230,Ribeira Grande,75,PT,1563909043,94,38.52,-28.7,73.4,17.22
231,Padang,100,ID,1563909114,79,-0.92,100.36,80.62,4.97
232,Mhlume,0,SZ,1563909115,62,-26.03,31.81,54.0,3.62
233,Kazuno,21,JP,1563909115,97,40.2,140.83,69.01,3.78
234,Victoria,75,SC,1563909115,78,-4.62,55.45,78.8,12.75
235,Krapina,0,HR,1563909115,73,46.16,15.87,86.0,2.24
236,Ati,0,TD,1563909116,42,13.21,18.34,91.06,6.13
237,Brokopondo,40,SR,1563909116,52,5.06,-54.98,90.0,6.93
238,Brigantine,90,US,1563909116,73,39.41,-74.36,78.01,5.37
239,Broome,0,AU,1563909116,66,-17.97,122.23,55.4,5.82
240,Alegrete,99,BR,1563909117,96,-29.79,-55.79,60.82,12.44
241,Port-Gentil,20,GA,1563909060,88,-0.72,8.78,75.2,9.17
242,Yulara,0,AU,1563909117,37,-25.24,130.99,50.0,8.05
243,Bonavista,100,CA,1563909117,80,48.65,-53.11,55.0,1.01
244,Kununurra,1,AU,1563909117,24,-15.77,128.74,71.6,6.93
245,Yima,69,CN,1563909117,58,34.75,111.87,75.04,2.39
246,Nizwa,22,OM,1563909097,66,22.93,57.53,78.1,9.66
247,Balvi,7,LV,1563909118,68,57.13,27.27,63.7,5.12
248,Chachapoyas,88,PE,1563909118,47,-6.23,-77.87,66.04,1.79
249,Donaueschingen,0,DE,1563909118,42,47.95,8.5,90.0,2.24
250,Katsuura,75,JP,1563908977,88,33.93,134.5,77.0,4.7
251,Tema,20,GH,1563909119,83,5.66,-0.01,78.8,16.11
252,Kodiak,40,US,1563909119,53,39.95,-94.76,79.0,9.17
253,Umm Lajj,0,SA,1563909119,78,25.02,37.27,85.3,2.24
254,Maniitsoq,0,GL,1563909119,80,65.42,-52.9,47.68,7.09
255,Port Hardy,40,CA,1563909119,72,50.7,-127.42,62.6,8.05
256,Half Moon Bay,5,US,1563909120,68,37.46,-122.43,81.0,9.17
257,Bykivka,87,UA,1563909120,87,50.29,27.97,61.18,7.29
258,Dwarka,40,IN,1563909120,66,28.58,77.04,91.4,5.82
259,Vestmannaeyjar,90,IS,1563909120,100,63.44,-20.27,53.6,5.82
260,Ichinohe,40,JP,1563909121,93,40.14,141.28,64.4,2.24
261,Kapaa,40,US,1563909121,74,22.08,-159.32,82.4,17.22
262,Farah,0,AF,1563909121,14,32.37,62.11,87.82,5.84
263,Kiunga,97,PG,1563909121,99,-6.12,141.3,71.08,1.81
264,Sulangan,88,PH,1563909121,75,11.14,123.72,81.7,6.64
265,Skibbereen,75,IE,1563909121,88,51.55,-9.27,62.6,9.17
266,Fort Smith,75,US,1563909122,47,35.39,-94.42,86.0,6.93
267,Kholodnyy,9,RU,1563909122,63,62.72,147.95,35.08,1.34
268,Saint George,20,BM,1563909122,66,32.38,-64.68,87.8,11.41
269,Luwuk,100,ID,1563909122,87,-0.95,122.79,56.14,5.64
270,Nuuk,75,GL,1563909123,81,64.17,-51.74,46.4,20.8
271,Cairns,75,AU,1563909029,77,-16.92,145.77,70.0,9.17
272,Zapolyarnyy,0,RU,1563909123,47,69.43,30.82,75.2,14.99
273,Marsh Harbour,57,BS,1563909123,74,26.54,-77.06,84.58,17.05
274,Husavik,90,IS,1563909123,71,66.04,-17.34,53.6,13.87
275,Matara,100,LK,1563909124,91,5.95,80.54,75.94,5.73
276,Sumenep,1,ID,1563909124,93,-7.02,113.87,70.18,5.03
277,Sistranda,75,NO,1563909124,82,63.73,8.83,64.99,4.7
278,Broken Hill,0,AU,1563909124,71,-31.97,141.45,50.0,10.29
279,Alvorada,75,BR,1563909124,100,-30.0,-51.08,66.0,4.7
280,San Cristobal,100,EC,1563909125,63,-1.02,-79.44,81.16,3.58
281,Cockburn Town,56,TC,1563909009,77,21.46,-71.14,83.14,17.02
282,Omsukchan,71,RU,1563909125,94,62.53,155.8,31.48,3.11
283,Cheb,0,CZ,1563909125,41,50.08,12.37,84.99,4.7
284,Kalianget,53,ID,1563909125,96,-7.74,113.68,61.54,1.66
285,Tjome,0,NO,1563909126,88,59.11,10.39,77.0,8.05
286,Thasra,20,IN,1563909126,66,22.8,73.21,91.4,8.05
287,Port Keats,0,AU,1563909126,31,-14.25,129.55,66.4,12.21
288,Chalus,20,IR,1563909126,88,36.66,51.42,78.8,2.57
289,Mantua,0,CU,1563909126,65,22.29,-84.28,84.4,6.96
290,Mamallapuram,75,IN,1563909127,94,12.63,80.17,80.6,2.24
291,Sambava,86,MG,1563909127,83,-14.27,50.17,62.26,2.8
292,Tarakan,63,ID,1563908969,83,3.3,117.63,79.36,3.11
293,Bhadrak,99,IN,1563909127,72,21.06,86.51,85.12,9.78
294,Den Helder,0,NL,1563909127,73,52.96,4.76,81.0,6.93
295,Constitucion,75,MX,1563909127,43,23.99,-104.67,75.99,6.93
296,Poirino,0,IT,1563909128,51,44.92,7.85,88.0,2.24
297,Coruripe,31,BR,1563909128,90,-10.12,-36.18,73.42,7.52
298,Natchitoches,40,US,1563909002,58,31.76,-93.09,84.2,10.29
299,Kruisfontein,58,ZA,1563909129,70,-34.0,24.73,52.72,9.4
300,Methoni,40,GR,1563909129,40,36.82,21.7,86.0,6.93
301,Hilo,75,US,1563909129,73,19.71,-155.08,82.0,4.7
302,Lagoa,0,PT,1563909129,78,37.14,-8.45,82.99,9.17
303,Kevsala,32,RU,1563909129,50,45.79,42.68,74.86,7.09
304,Taoudenni,6,ML,1563909129,9,22.68,-3.98,113.2,7.09
305,Lyuban,100,BY,1563909130,92,52.8,28.0,62.62,9.19
306,Port Alfred,16,ZA,1563909130,90,-33.59,26.89,54.0,1.01
307,Izumiotsu,75,JP,1563909130,94,34.51,135.41,82.99,3.36
308,Karratha,92,AU,1563909130,49,-20.74,116.85,66.94,7.18
309,Tias,20,ES,1563909130,69,28.96,-13.65,77.0,25.28
310,Andenes,20,NO,1563909131,72,69.31,16.12,68.0,18.34
311,Terrace,75,CA,1563909131,59,54.52,-128.61,66.2,5.82
312,Mildura,75,AU,1563909131,100,-34.18,142.16,46.99,4.7
313,Tanete,0,ID,1563909131,72,-3.94,119.78,77.2,22.17
314,Bukama,0,CD,1563909132,25,-9.2,25.85,69.28,2.62
315,Luba,40,GQ,1563909132,88,3.46,8.55,78.8,6.93
316,Vila Franca do Campo,75,PT,1563909132,94,37.72,-25.43,71.6,12.75
317,Pevek,100,RU,1563909132,96,69.7,170.27,30.22,12.68
318,Sitka,0,US,1563909132,48,37.17,-99.65,81.0,1.01
319,Savelugu,55,GH,1563909133,76,9.63,-0.83,81.16,6.69
320,Ponta do Sol,20,PT,1563909133,73,32.67,-17.1,73.4,3.36
321,New Norfolk,75,AU,1563909133,56,-42.78,147.06,44.6,13.87
322,Ruzsa,0,HU,1563909133,50,46.29,19.75,77.0,9.17
323,Dryden,1,CA,1563909133,53,49.79,-92.84,77.0,4.7
324,Sinnamary,0,GF,1563909134,77,5.38,-52.96,81.34,10.58
325,Contepec,0,MX,1563909134,76,19.95,-100.16,72.0,11.99
326,Koumac,2,NC,1563909134,69,-20.56,164.28,68.92,18.81
327,Hermanus,83,ZA,1563909134,96,-34.42,19.24,50.0,21.0
328,Carnarvon,90,AU,1563909064,77,-24.87,113.63,59.0,5.82
329,Muzhi,81,RU,1563909135,72,65.4,64.7,57.22,7.0
330,Misratah,0,LY,1563909135,75,32.38,15.09,79.36,12.84
331,Gouyave,40,GD,1563909135,74,12.16,-61.73,87.8,13.87
332,Conroe,90,US,1563909016,66,30.31,-95.46,84.99,6.93
333,Berlevag,0,NO,1563909135,41,70.86,29.09,75.2,13.87
334,Nanchang,37,CN,1563909135,91,28.68,115.89,77.56,3.96
335,Te Anau,0,NZ,1563909136,81,-45.41,167.72,40.66,0.31
336,Katangli,99,RU,1563909136,97,51.71,143.23,52.0,14.23
337,Trairi,48,BR,1563909136,56,-3.28,-39.27,84.04,9.1
338,Coquimbo,20,CL,1563909136,58,-29.95,-71.34,55.4,9.17
339,Santa Elena,75,EC,1563909137,73,-2.23,-80.86,77.0,8.75
340,Pyapon,100,MM,1563909137,88,16.29,95.68,80.62,6.87
341,Mayumba,56,GA,1563909137,89,-3.44,10.65,71.44,13.47
342,Hasaki,75,JP,1563909137,100,35.73,140.83,73.4,2.24
343,Avarua,4,CK,1563909137,60,-21.21,-159.78,75.2,13.87
344,Saint-Philippe,0,RE,1563909138,77,-21.36,55.77,69.8,18.34
345,Hami,91,CN,1563909138,31,42.84,93.51,77.02,3.53
346,Kontagora,60,NG,1563909138,84,10.4,5.47,77.38,3.24
347,Adre,32,TD,1563909138,58,13.47,22.2,82.06,10.4
348,Rio Gallegos,0,AR,1563909076,52,-51.62,-69.22,41.0,23.04
349,Chokurdakh,99,RU,1563909139,53,70.62,147.9,51.28,13.42
350,Macherla,97,IN,1563909139,78,16.48,79.44,78.46,9.89
351,Lompoc,1,US,1563909060,64,34.64,-120.46,89.6,14.99
352,Lahat,55,ID,1563909139,76,-3.78,103.55,65.14,4.03
353,Puerto Suarez,18,BO,1563909139,46,-18.96,-57.8,89.6,9.17
354,Eregli,0,TR,1563909139,43,37.51,34.05,71.98,5.77
355,Konevo,40,RU,1563909140,93,56.45,43.2,64.4,2.24
356,Tuktoyaktuk,75,CA,1563909140,81,69.44,-133.03,51.8,14.99
357,Nabire,100,ID,1563909140,99,-3.36,135.5,68.2,2.44
358,Nemuro,80,JP,1563909140,88,43.32,145.57,59.02,14.14
359,Castro,40,CL,1563909140,57,-42.48,-73.76,50.0,4.7
360,Paamiut,100,GL,1563909141,95,61.99,-49.67,40.48,4.32
361,Vire,0,FR,1563909141,30,48.84,-0.89,95.0,8.05
362,North Bend,90,US,1563908928,82,43.41,-124.22,68.0,10.29
363,Tabuk,20,SA,1563909068,9,28.38,36.58,96.8,9.17
364,Alofi,7,NU,1563909141,88,-19.06,-169.92,66.2,1.12
365,Ayagoz,100,KZ,1563909016,52,47.96,80.43,67.84,5.5
366,Erdaojiang,42,CN,1563909141,97,41.78,126.03,65.86,3.78
367,Timberlake,40,US,1563909142,49,32.26,-81.31,93.99,10.29
368,Fort Nelson,40,CA,1563909142,53,58.81,-122.69,75.2,2.24
369,Longyearbyen,75,SJ,1563908931,70,78.22,15.64,48.2,3.36
370,Homer,1,US,1563909142,77,59.64,-151.54,66.99,5.82
371,Qaanaaq,60,GL,1563909035,62,77.48,-69.36,43.18,5.59
372,De Aar,0,ZA,1563909142,56,-30.65,24.01,48.94,31.12
373,El Dorado,1,US,1563909143,39,37.82,-96.86,82.99,9.17
374,Wanaka,1,NZ,1563909143,93,-44.7,169.14,30.76,2.44
375,Xiaoshi,0,CN,1563909143,90,30.59,116.63,79.36,4.14
376,Roseburg,20,US,1563908878,56,43.22,-123.34,75.99,4.7
377,Kahului,20,US,1563909019,54,20.89,-156.47,82.4,19.6
378,Skjervoy,0,NO,1563908874,82,70.03,20.97,64.4,5.82
379,Omboue,21,GA,1563909143,85,-1.57,9.26,74.14,17.67
380,San Vicente,99,PH,1563909144,88,14.11,122.87,75.22,0.89
381,Satipo,76,PE,1563909144,70,-11.26,-74.64,49.12,7.34
382,Meulaboh,84,ID,1563909144,69,4.14,96.13,84.04,4.47
383,Georgetown,49,SH,1563909144,77,-7.93,-14.42,74.68,21.41
384,Biloela,0,AU,1563909144,83,-24.4,150.51,50.38,1.39
385,Ilo,90,PE,1563909145,82,-17.65,-71.34,62.6,8.05
386,Kaeo,30,NZ,1563909145,100,-35.1,173.78,45.0,4.52
387,Luderitz,52,NA,1563908889,82,-26.65,15.16,59.0,10.29
388,Ahipara,33,NZ,1563909145,100,-35.17,173.16,45.0,12.48
389,Bathsheba,40,BB,1563909145,88,13.22,-59.52,82.4,12.75
390,Yellowknife,20,CA,1563909146,41,62.45,-114.38,77.0,11.41
391,Ngunguru,42,NZ,1563909146,94,-35.62,174.5,45.0,1.01
392,Rypefjord,0,NO,1563909146,82,70.63,23.67,60.8,8.05
393,Popondetta,96,PG,1563909146,97,-8.77,148.24,64.6,0.63
394,Vardo,0,NO,1563909146,76,70.37,31.11,75.2,17.22
395,Sayansk,100,RU,1563909147,91,54.11,102.18,59.92,2.15
396,High Prairie,32,CA,1563909147,73,55.43,-116.48,75.04,6.8
397,Puerto Carreno,40,CO,1563909147,66,6.19,-67.49,86.0,1.72
398,Guerrero Negro,17,MX,1563909147,78,27.97,-114.04,69.28,5.99
399,Montenegro,75,BR,1563909147,100,-29.68,-51.47,68.0,4.7
400,Salalah,90,OM,1563909147,88,17.01,54.1,80.6,4.7
401,Pareora,23,NZ,1563909148,97,-44.49,171.21,46.0,3.02
402,Bozdar,44,PK,1563909148,36,27.18,68.64,100.78,13.42
403,Port Hedland,96,AU,1563909148,29,-20.31,118.58,66.2,8.05
404,Jamestown,62,SH,1563909148,72,-15.94,-5.72,68.56,21.39
405,Northam,75,AU,1563909148,93,-31.65,116.67,48.2,2.24
406,Otavi,0,NA,1563909149,16,-19.64,17.34,58.48,7.16
407,Solnechnyy,100,RU,1563909149,98,50.72,136.64,50.02,7.2
408,Quijingue,80,BR,1563909071,64,-10.75,-39.21,77.02,8.01
409,Swan Hill,17,AU,1563909149,92,-35.34,143.56,42.64,5.77
410,Hovd,55,MN,1563909150,47,48.01,91.64,60.46,5.79
411,Fairbanks,82,US,1563909025,60,64.84,-147.72,73.99,1.21
412,Mount Isa,12,AU,1563909150,21,-20.73,139.49,59.0,9.17
413,Tomatlan,98,MX,1563909150,73,19.93,-105.25,85.48,15.77
414,Vernon,90,US,1563909150,77,41.84,-72.47,73.4,10.29
415,Sao Jose da Coroa Grande,73,BR,1563909151,80,-8.9,-35.15,77.56,8.97
416,Nishihara,75,JP,1563909151,94,35.74,139.53,78.01,5.82
417,Graaff-Reinet,33,ZA,1563909151,60,-32.25,24.53,48.76,33.2
418,Batagay-Alyta,19,RU,1563909151,46,67.8,130.41,50.02,4.41
419,Porto Novo,75,CV,1563909151,65,17.02,-25.06,80.6,46.08
420,Bilyayivka,0,UA,1563908970,41,46.48,30.22,75.2,8.95
421,Turukhansk,63,RU,1563909152,57,65.8,87.96,65.14,5.14
422,Heinola,0,FI,1563909152,30,61.2,26.03,71.6,4.7
423,Fortuna,90,US,1563909124,82,40.6,-124.16,79.0,5.82
424,Pokhara,100,NP,1563909152,98,28.21,83.99,59.38,0.92
425,Leshukonskoye,40,RU,1563909152,80,64.9,45.76,59.74,3.6
426,Leningradskiy,100,RU,1563909152,81,69.38,178.42,39.4,3.04
427,Tartagal,90,AR,1563908999,54,-22.52,-63.8,57.2,5.82
428,Balikpapan,74,ID,1563909153,96,-1.24,116.86,69.1,4.03
429,Mastic Beach,90,US,1563909153,64,40.77,-72.85,75.2,8.05
430,Ola,0,RU,1563909153,60,59.58,151.3,46.24,8.95
431,Hamilton,20,BM,1563909153,66,32.3,-64.78,87.8,11.41
432,Paoua,91,CF,1563909154,90,7.24,16.43,69.1,2.26
433,Mpika,0,ZM,1563909154,48,-11.84,31.4,54.7,6.53
434,Nago,20,JP,1563909154,78,26.59,127.98,82.4,1.12
435,Paulista,79,BR,1563909154,45,-6.6,-37.62,83.68,9.22
436,Lokachi,14,UA,1563909154,64,50.74,24.65,63.0,8.1
437,Louga,0,SN,1563909155,70,15.62,-16.22,86.0,9.17
438,Sumbe,30,AO,1563909155,82,-11.2,13.84,70.54,10.18
439,Namibe,2,AO,1563909155,82,-15.19,12.15,66.04,14.43
440,Eureka,90,US,1563908917,82,40.8,-124.16,64.0,5.82
441,Port Blair,93,IN,1563909155,80,11.67,92.75,84.22,22.68
442,Atar,0,MR,1563909155,12,20.52,-13.05,109.78,8.88
443,Tautira,20,PF,1563909050,74,-17.73,-149.15,80.6,16.11
444,Labuan,75,MY,1563909156,100,5.33,115.2,77.0,3.36
445,Hamoir,0,BE,1563909156,37,50.43,5.53,93.2,8.05
446,Saint-Leu,0,RE,1563909156,77,-21.15,55.28,69.8,18.34
447,Silver City,40,US,1563909156,53,32.77,-108.28,84.0,9.17
448,Batagay,33,RU,1563909157,49,67.65,134.64,50.2,3.29
449,Puerto Ayora,75,EC,1563909064,69,-0.74,-90.35,75.2,18.34
450,Talaya,20,RU,1563909157,87,55.79,84.89,55.99,4.47
451,Tessalit,59,ML,1563909157,16,20.2,1.01,103.84,5.97
452,Denpasar,45,ID,1563909157,87,-8.65,115.22,68.02,4.32
453,Leiyang,0,CN,1563909158,81,26.42,112.85,79.9,4.18
454,Luganville,75,VU,1563909158,73,-15.51,167.18,75.2,6.93
455,Namatanai,97,PG,1563909158,83,-3.66,152.44,78.82,18.16
456,Turtas,27,RU,1563909158,53,58.94,69.13,61.72,5.14
457,Mangan,91,IN,1563909158,93,27.5,88.54,60.64,1.41
458,Port Antonio,20,JM,1563909158,58,18.18,-76.45,87.8,13.87
459,Upernavik,0,GL,1563909159,62,72.79,-56.15,48.4,7.14
460,Yar-Sale,78,RU,1563909159,69,66.83,70.83,51.46,11.32
461,Udachnyy,70,RU,1563909159,37,66.42,112.4,68.0,4.47
462,Kanturk,40,IE,1563909159,77,52.18,-8.91,68.0,12.75
463,Ardahan,26,TR,1563909159,98,41.11,42.7,55.06,4.05
464,Kabalo,0,CD,1563909160,26,-6.05,26.92,75.94,3.11
465,Clyde River,40,CA,1563909160,81,70.47,-68.59,51.8,12.75
466,Okha,100,RU,1563909160,93,53.59,142.95,49.66,24.32
467,Xian,0,CN,1563909160,78,34.26,108.93,75.2,4.47
468,Saldanha,56,ZA,1563909161,71,-33.01,17.94,53.6,12.75
469,Nome,75,US,1563909161,74,30.04,-94.42,84.99,12.75
470,Vyartsilya,100,RU,1563909161,71,62.18,30.69,63.7,0.78
471,Arraial do Cabo,0,BR,1563909161,73,-22.97,-42.02,78.8,23.04
472,Macas,90,EC,1563909161,100,-2.3,-78.12,66.2,3.36
473,Dhidhdhoo,69,MV,1563908955,77,6.88,73.1,82.96,11.77
474,Venice,90,US,1563909162,79,27.1,-82.45,87.01,10.29
475,Douglas,75,US,1563909162,52,31.51,-82.85,93.99,5.82
476,Tyukalinsk,99,RU,1563909162,89,55.87,72.2,61.0,5.86
477,San Patricio,75,MX,1563909162,70,19.22,-104.7,91.4,17.22
478,Mar del Plata,0,AR,1563909163,50,-46.43,-67.52,45.52,13.42
479,Thunder Bay,75,CA,1563909133,47,48.41,-89.26,84.99,8.05
480,Severo-Kurilsk,99,RU,1563909163,91,50.68,156.12,45.88,2.3
481,Kastamonu,0,TR,1563909163,77,41.38,33.78,56.14,3.76
482,Puerto Maldonado,57,PE,1563909164,42,-12.59,-69.19,90.52,3.06
483,Cabo San Lucas,90,MX,1563909103,88,22.89,-109.91,89.01,10.29
484,Havre-Saint-Pierre,20,CA,1563909164,63,50.23,-63.6,64.4,9.17
485,Atuona,4,PF,1563909164,77,-9.8,-139.03,79.36,17.18
486,Tchaourou,71,BJ,1563909164,91,8.89,2.6,75.58,3.06
487,Magistralnyy,80,RU,1563909165,46,56.17,107.45,59.2,1.07
488,Salym,12,RU,1563909165,59,60.06,71.48,61.54,6.13
489,Petropavlovsk-Kamchatskiy,75,RU,1563908908,100,53.05,158.65,53.6,6.71
490,Tezu,100,IN,1563909165,98,27.93,96.16,71.8,2.98
491,Bachaquero,100,VE,1563909165,69,9.96,-71.12,84.58,4.0
492,Harrison,100,PH,1563909165,71,13.45,120.43,84.04,6.31
493,Komsomolskiy,79,RU,1563909166,72,67.55,63.78,49.3,9.17
494,Gizo,60,SB,1563909166,80,-8.1,156.84,80.44,26.19
495,Bay-Khaak,35,RU,1563909166,58,51.16,94.47,61.72,3.36
496,Dombarovskiy,16,RU,1563909166,61,50.76,59.54,66.58,11.34
497,Nanortalik,100,GL,1563909166,94,60.14,-45.24,39.22,5.61
498,Cleveland,1,US,1563908896,49,41.51,-81.69,77.0,9.17
499,Chuy,100,UY,1563909167,81,-33.69,-53.46,56.5,14.63
500,Ulladulla,40,AU,1563909167,47,-35.36,150.48,59.0,18.34
501,Xique-Xique,0,BR,1563909168,58,-10.82,-42.73,80.8,10.11
502,Saint-Pierre,75,PM,1563909168,100,46.77,-56.17,57.2,12.75
503,Quatre Cocos,75,MU,1563909168,88,-20.21,57.76,69.8,13.87
504,Svetlogorsk,40,RU,1563909169,82,53.14,59.15,57.2,8.95
505,Bud,75,NO,1563909116,88,62.91,6.91,66.0,6.93
506,Rikitea,97,PF,1563909169,76,-23.12,-134.97,70.0,16.89
507,Provideniya,100,RU,1563909169,96,64.42,-173.23,44.62,3.31
508,Cape Town,75,ZA,1563909170,76,-33.93,18.42,54.0,13.87
509,Flinders,40,AU,1563909170,47,-34.58,150.85,59.0,18.34
510,Hobart,75,AU,1563909170,56,-42.88,147.33,44.6,13.87
511,Shaoguan,2,CN,1563909170,92,24.81,113.59,75.4,1.5
512,Dariba,100,IN,1563909170,59,24.95,74.13,87.82,10.02
513,Norman Wells,20,CA,1563909171,60,65.28,-126.83,73.4,11.41
514,Storsteinnes,75,NO,1563909171,82,69.24,19.23,69.01,6.93
515,Bambous Virieux,75,MU,1563909172,88,-20.34,57.76,69.8,13.87
516,Geraldton,0,AU,1563909172,87,-28.77,114.6,50.0,4.7
517,Platanos,1,GR,1563909172,44,35.47,23.6,82.99,3.36
518,Olinda,0,BR,1563909172,29,-22.82,-43.41,89.6,5.82
519,Kurumkan,96,RU,1563909173,77,54.33,110.32,54.16,5.95
520,Dikson,5,RU,1563909173,90,73.51,80.55,34.72,2.95
521,Vung Tau,68,VN,1563909173,89,10.35,107.08,79.72,7.4
522,Magadan,0,RU,1563909173,59,59.56,150.8,47.14,10.36
523,Mae Ramat,96,TH,1563909173,96,16.98,98.52,72.34,1.07
524,Jumla,100,NP,1563909173,98,29.28,82.18,56.14,1.39
525,Kaabong,59,UG,1563909174,88,3.51,34.14,63.88,2.68
526,Isla Vista,1,US,1563909174,64,34.41,-119.86,90.0,14.99
527,Tenenkou,22,ML,1563909174,33,14.46,-4.91,97.0,5.12
